date,query,source_title,source_url,domain,domain_confidence,source_type,content_shape,buyer_intent_angle,repeated_or_once,notes
2026-05-16,AI chatbot for internal knowledge search,LinkedIn — Internal Search Chatbot Over Company Documents,not_captured,not_confirmed,inferred_from_title,professional_network,internal_knowledge_search,category_education,once,Only professional network source across all 4 snapshots; URL not in Day 1 snapshot
2026-05-16,AI chatbot for internal knowledge search,Omnifact — Enterprise RAG: Building AI Assistants with Internal Knowledge,not_captured,not_confirmed,inferred_from_title,vendor_blog,rag_internal_docs,implementation,once,RAG-focused vendor explainer; URL not in Day 1 snapshot
2026-05-16,AI chatbot for internal knowledge search,Kriatix — Internal Knowledge Search Bot for Enterprises,not_captured,not_confirmed,inferred_from_title,vendor_product_page,internal_knowledge_search,tool_evaluation,repeated_4x,Most persistent source — appeared Day 1/Day 3/Day 6/Day 7; URL confirmed Day 6+7
2026-05-16,AI chatbot for internal knowledge search,RightPatient — AI Chatbot for Enterprise Knowledge Management,not_captured,not_confirmed,inferred_from_title,vendor_blog,enterprise_search,category_education,repeated_2x,Returned Day 1 and Day 6; URL confirmed Day 6
2026-05-16,AI chatbot for internal knowledge search,Streebo — IBM AI-Powered Enterprise Search Chatbot Solution,not_captured,not_confirmed,inferred_from_title,vendor_product_page,enterprise_search,tool_evaluation,once,Enterprise/IBM-affiliated vendor; URL not in Day 1 snapshot
2026-05-16,AI chatbot for internal knowledge search,AdvantAge — Building Retrieval-Augmented Agents to Unlock Internal Knowledge,not_captured,not_confirmed,inferred_from_title,vendor_blog,rag_internal_docs,implementation,once,RAG implementation focus; URL not in Day 1 snapshot
2026-05-16,AI chatbot for internal knowledge search,Wonderchat — 7 Best Self-Learning AI Chatbot Platforms for Enterprise Knowledge Management,not_captured,not_confirmed,inferred_from_title,comparison_list,knowledge_base_chatbot,vendor_selection,once,Competitor-authored comparison list; URL not in Day 1 snapshot
2026-05-16,AI chatbot for internal knowledge search,Wonderchat — 9 Best Internal Knowledge Base Chatbot Tools for Enterprise Teams,not_captured,not_confirmed,inferred_from_title,comparison_list,knowledge_base_chatbot,vendor_selection,repeated_2x,Same page appeared Day 1 and Day 3; URL not in Day 1/Day 3 snapshots
2026-05-16,AI chatbot for internal knowledge search,Pageanic — What Is RAG? The Key to Virtual Assistants with Real-World Knowledge,not_captured,not_confirmed,inferred_from_title,vendor_explainer,rag_internal_docs,category_education,once,RAG explainer; URL not in Day 1 snapshot
2026-05-16,AI chatbot for internal knowledge search,Reddit — internal chatbot that gets results from a custom knowledge base?,not_captured,not_confirmed,inferred_from_title,community_thread,knowledge_base_chatbot,implementation,once,Community thread; different subreddit from Day 6 Reddit; URL not in Day 1 snapshot
2026-05-18,AI chatbot for internal knowledge search,Ducky — How to build a chatbot for internal docs using RAG,not_captured,not_confirmed,inferred_from_title,vendor_blog,rag_internal_docs,implementation,once,Implementation guide from vendor; URL not in Day 3 snapshot
2026-05-18,AI chatbot for internal knowledge search,Kriatix — Internal Knowledge Search Bot for Enterprises,not_captured,not_confirmed,inferred_from_title,vendor_product_page,internal_knowledge_search,tool_evaluation,repeated_4x,Most persistent source — appeared Day 1/Day 3/Day 6/Day 7; URL confirmed Day 6+7
2026-05-18,AI chatbot for internal knowledge search,IntraFind — Enterprise Search with Chatbot and RAG explained,not_captured,not_confirmed,inferred_from_title,vendor_explainer,enterprise_search,category_education,once,Enterprise search vendor explainer; URL not in Day 3 snapshot
2026-05-18,AI chatbot for internal knowledge search,Wonderchat — AI Chatbot for Internal Knowledge Base | Accurate Search,not_captured,not_confirmed,inferred_from_title,vendor_product_page,knowledge_base_chatbot,tool_evaluation,once,Wonderchat product page — competitor; URL not in Day 3 snapshot
2026-05-18,AI chatbot for internal knowledge search,Wonderchat — 9 Best Internal Knowledge Base Chatbot Tools for Enterprise Teams,not_captured,not_confirmed,inferred_from_title,comparison_list,knowledge_base_chatbot,vendor_selection,repeated_2x,Same page appeared Day 1 and Day 3; URL not in Day 1/Day 3 snapshots
2026-05-18,AI chatbot for internal knowledge search,Zendesk — Knowledge base chatbots: What they are + how to build one,not_captured,not_confirmed,inferred_from_title,vendor_blog,knowledge_base_chatbot,category_education,once,High-authority vendor; broad audience; URL not in Day 3 snapshot
2026-05-18,AI chatbot for internal knowledge search,Quickchat — How to Build a Chatbot Knowledge Base,not_captured,not_confirmed,inferred_from_title,vendor_blog,knowledge_base_chatbot,implementation,repeated_2x,Appeared Day 3 and Day 6; URL confirmed Day 6
2026-05-18,AI chatbot for internal knowledge search,Acho — Internal Knowledge Chatbot,not_captured,not_confirmed,inferred_from_title,vendor_product_page,internal_knowledge_search,tool_evaluation,once,Dedicated internal knowledge chatbot page; URL not in Day 3 snapshot
2026-05-18,AI chatbot for internal knowledge search,Blackthorn Academy — RAG AI in Action: Adding Memory and Web Search to Your Chatbot,not_captured,not_confirmed,inferred_from_title,implementation_guide,rag_internal_docs,implementation,once,Educational implementation walkthrough; URL not in Day 3 snapshot
2026-05-18,AI chatbot for internal knowledge search,Domo — Internal Knowledge Chatbot AI Agent,not_captured,not_confirmed,inferred_from_title,vendor_product_page,internal_knowledge_search,tool_evaluation,once,Enterprise BI/data vendor; URL not in Day 3 snapshot
2026-05-21,AI chatbot for internal knowledge search,GoSearch — Top AI Enterprise Search Software Companies,https://www.gosearch.ai/faqs/who-are-the-top-ai-enterprise-search-software-companies/,gosearch.ai,confirmed,vendor_blog,enterprise_search,vendor_selection,once,FAQ/list format from enterprise search vendor
2026-05-21,AI chatbot for internal knowledge search,Fast.io — Best Knowledge Base Tools / AI Chatbots,https://fast.io/resources/best-knowledge-base-tools-ai-chatbots/,fast.io,confirmed,comparison_list,knowledge_base_chatbot,vendor_selection,once,Comparison list article
2026-05-21,AI chatbot for internal knowledge search,YouTube — RAG / Knowledge Base Chatbot Implementation Video,https://www.youtube.com/watch?v=xixng5mgwU8,youtube.com,confirmed,video,rag_internal_docs,implementation,repeated_2x,Same video URL appeared Day 6 and Day 7
2026-05-21,AI chatbot for internal knowledge search,Moveworks — Choosing the Best AI-Powered Search for Enterprises,https://www.moveworks.com/us/en/resources/blog/choosing-the-best-ai-powered-search-for-enterprises,moveworks.com,confirmed,vendor_blog,enterprise_search,tool_evaluation,once,High-authority enterprise AI vendor
2026-05-21,AI chatbot for internal knowledge search,Quickchat — How to Build a Chatbot Knowledge Base,https://quickchat.ai/post/chatbot-knowledge-base-guide,quickchat.ai,confirmed,vendor_blog,knowledge_base_chatbot,implementation,repeated_2x,Appeared Day 3 and Day 6; same page title but Day 3 URL not captured
2026-05-21,AI chatbot for internal knowledge search,RightPatient — AI Chatbot for Enterprise Knowledge Management,https://www.rightpatient.com/ai/ai-chatbot-for-enterprise-knowledge-management-instant-intelligent-access-to-your-organizations-full-expertise/,rightpatient.com,confirmed,vendor_blog,enterprise_search,category_education,repeated_2x,Returned from Day 1; Day 1 URL not captured
2026-05-21,AI chatbot for internal knowledge search,Kriatix — Internal Knowledge Search Bot for Enterprises,https://www.kriatix.ai/product/internal-knowledge-search-bot/,kriatix.ai,confirmed,vendor_product_page,internal_knowledge_search,tool_evaluation,repeated_4x,Most persistent source — appeared Day 1/Day 3/Day 6/Day 7
2026-05-21,AI chatbot for internal knowledge search,Ontec — Enterprise Chatbots,https://ontec.ai/blog/enterprise-chatbots/,ontec.ai,confirmed,vendor_blog,enterprise_chatbot,category_education,repeated_2x,Same URL appeared Day 6 and Day 7
2026-05-21,AI chatbot for internal knowledge search,Reddit / LocalLLaMA — Knowledge Base Chatbot Using RAG,https://www.reddit.com/r/LocalLLaMA/comments/1h43slu/knowledge_base_chatbot_using_rag/,reddit.com,confirmed,community_thread,rag_internal_docs,implementation,once,Different subreddit from Day 1 Reddit; treated as separate source
2026-05-21,AI chatbot for internal knowledge search,Read.ai — Enterprise Search Tools,https://www.read.ai/articles/enterprise-search-tools,read.ai,confirmed,vendor_blog,enterprise_search,vendor_selection,once,Meeting intelligence vendor covering enterprise search broadly
2026-05-22,AI chatbot for internal knowledge search,Ontec — Enterprise Chatbots in Knowledge Management,https://ontec.ai/blog/enterprise-chatbots/,ontec.ai,confirmed,vendor_blog,enterprise_chatbot,category_education,repeated_2x,Same URL as Day 6 — one of only 2 exact URL repeats across the dataset
2026-05-22,AI chatbot for internal knowledge search,BusinesswareTech — RAG-Powered Enterprise Search Across a Database,https://www.businesswaretech.com/case-studies/ai-chatbot-for-smart-database-search,businesswaretech.com,confirmed,vendor_blog,rag_internal_docs,implementation,once,Case study format — closest to customer proof shape in the cited set
2026-05-22,AI chatbot for internal knowledge search,SLAC Stanford — AI-Enabled Enterprise Search,https://it.slac.stanford.edu/projects/ai-enabled-enterprise-search,slac.stanford.edu,confirmed,official_help_doc,enterprise_search,category_education,once,Institutional .edu source — signals Perplexity draws from diverse authority types
2026-05-22,AI chatbot for internal knowledge search,Kriatix — Internal Knowledge Search Bot for Enterprises,https://www.kriatix.ai/product/internal-knowledge-search-bot/,kriatix.ai,confirmed,vendor_product_page,internal_knowledge_search,tool_evaluation,repeated_4x,Most persistent source — appeared in all 4 snapshots
2026-05-22,AI chatbot for internal knowledge search,Intercom — Chatbot Knowledge Base Setup Guide,https://www.intercom.com/learning-center/chatbot-with-knowledge-base,intercom.com,confirmed,official_help_doc,knowledge_base_chatbot,implementation,once,High-authority SaaS vendor; implementation angle
2026-05-22,AI chatbot for internal knowledge search,YouTube — Secure Enterprise Chatbot for Internal Knowledge,https://www.youtube.com/watch?v=xixng5mgwU8,youtube.com,confirmed,video,internal_knowledge_search,implementation,repeated_2x,Same URL as Day 6 — one of only 2 exact URL repeats across the dataset
2026-05-22,AI chatbot for internal knowledge search,Dimension Labs — Enterprise Chatbots,https://www.dimensionlabs.io/blog/enterprise-chatbots,dimensionlabs.io,confirmed,vendor_blog,enterprise_chatbot,category_education,once,Vendor blog post
2026-05-22,AI chatbot for internal knowledge search,CM.com — What is an Internal Knowledge Base Chatbot?,https://www.cm.com/glossary/what-is-internal-knowledge-base-chatbot/,cm.com,confirmed,vendor_explainer,knowledge_base_chatbot,category_education,once,Glossary/definition format
2026-05-22,AI chatbot for internal knowledge search,YouTube — How to Build AI ChatBot with Custom Knowledge Base,https://www.youtube.com/watch?v=6hQF80_xMkQ,youtube.com,confirmed,video,knowledge_base_chatbot,implementation,once,Different YouTube video from the Day 6/7 repeat
2026-05-22,AI chatbot for internal knowledge search,Perplexity — What is Internal Knowledge Search for Enterprise?,https://www.perplexity.ai/help-center/en/articles/10352958-what-is-internal-knowledge-search-for-enterprise,perplexity.ai,confirmed,official_help_doc,internal_knowledge_search,category_education,once,Perplexity citing its own help doc — signals self-reference behavior in cited set
